{"bounds":{"east":113.60315769910812,"north":36.37382537126541,"south":36.34544759988785,"west":113.54212135076523},"contentType":"quantizedmesh","latLonBounds":{"east":113.60315769910812,"north":36.37382537126541,"south":36.34544759988785,"west":113.54212135076523},"maxzoom":19,"minzoom":0,"proj":4326,"tiletrans":"tms","type":"terrain","ziped":false}